timestamp_seen,timestamp_post,id,type,trx_id,trx_num,block_num,required_auths,required_posting_auths,json
1621577022.97047,1621577022.0,sm_refresh_quest,custom_json,037bc0cc9744eb22684f7eabbb5c78eb0a53cf1c,0,54075845,[],['splintercat'],"{
    ""type"": ""daily"",
    ""app"": ""sl-mobile/0.7.107"",
    ""sm_id"": ""QYkZjFnfmN""
}"
1621577022.970954,1621577022.0,sm_find_match,custom_json,7005613469c46d8076af9f9364772d75fb5215d4,2,54075845,[],['sniper708'],"{
    ""match_type"": ""Ranked"",
    ""app"": ""sl-mobile/0.7.107"",
    ""sm_id"": ""whdxehPzWZ""
}"
1621577022.9711459,1621577022.0,sm_find_match,custom_json,90e7fa10d6dae62b1ad07ca7cfa9eb7be11420df,3,54075845,[],['yogeshbhai'],"{
    ""match_type"": ""Ranked"",
    ""app"": ""splinterlands/0.7.107""
}"
1621577022.9713464,1621577022.0,sm_start_match,custom_json,a87ee8d340502036da7d934d54d37000f2d556a7,5,54075845,[],['abrockman'],"{
    ""id"": ""sm_vPelLJEOYNnWa7ActZF3"",
    ""app"": ""splinterlands/0.7.107""
}"
1621577022.9715116,1621577022.0,sm_find_match,custom_json,c1d8289a9970ee957d998390342eaf68b84db2d2,6,54075845,[],['smdragon'],"{
    ""match_type"": ""Ranked"",
    ""app"": ""steemmonsters/0.7.89""
}"
1621577022.9716864,1621577022.0,sm_submit_team,custom_json,c1314a453bff323409ec1a2056f085217f059b7f,7,54075845,[],['farhasoory'],"{
    ""trx_id"": ""1a06255c5be584962a0d2ff3a7b72d12cac84d6c"",
    ""team_hash"": ""037a8c1c8f37dbfdfd91677a0ad6b5f1"",
    ""summoner"": ""starter-27-JKdPx"",
    ""monsters"": [
        ""C3-218-2JFMNVJXDS"",
        ""C3-131-3MN9SKUMMO"",
        ""C3-104-1F0V7MXLLS"",
        ""C3-253-DYWPBHBSCG"",
        ""C4-183-TYVOL9BDGW""
    ],
    ""secret"": ""loucZWx8pb"",
    ""app"": ""splinterlands/0.7.107""
}"
1621577022.9718888,1621577022.0,sm_submit_team,custom_json,8ff347f8146687669bda0148f1f54705c5fd5b1d,8,54075845,[],['xcomsquad'],"{
    ""trx_id"": ""0ccd6021554ed642eb388f756468d8bf85c00059"",
    ""team_hash"": ""ddf17011c25e8178ffa3f16d07364e67"",
    ""summoner"": ""G4-145-3OYJUOWB1S"",
    ""monsters"": [
        ""G1-50-RHJA6ASD0G"",
        ""C3-131-3BJSGM741C"",
        ""G1-46-CXVMKFYNE8"",
        ""C2-124-10W4T5U15C""
    ],
    ""secret"": ""230fdd6fb8"",
    ""app"": ""steemmonsters/0.7.89""
}"
1621577022.9720843,1621577022.0,sm_find_match,custom_json,a0e082b89a971dd919ae4152d6aa77d550603a5d,9,54075845,[],['kretchtallevor'],"{
    ""match_type"": ""Ranked"",
    ""app"": ""splinterlands/0.7.107""
}"
1621577022.9722595,1621577022.0,sm_submit_team,custom_json,082550fee8521115f871bef0eb47bca5f1c08749,10,54075845,[],['mindblast.sports'],"{
    ""trx_id"": ""a9862a185a430cd2e4f0fc644d84adb334d2eba0"",
    ""team_hash"": ""14b2c33768c377b007b672032e9f623f"",
    ""summoner"": ""starter-224-tiLNX"",
    ""monsters"": [
        ""starter-152-QIh3k"",
        ""C3-233-1Y70LJA7XC"",
        ""C3-218-2RF5DC1PY8"",
        ""C3-255-I0FN7G3C5C"",
        ""starter-190-7KOw5"",
        ""C3-243-BTZMJU7LLC""
    ],
    ""secret"": ""42e091b73f"",
    ""app"": ""steemmonsters/0.7.89""
}"
1621577022.972623,1621577022.0,sm_submit_team,custom_json,6032e02cc119b54f0baf0660b40d2a415c817ad6,20,54075845,[],['thetimes'],"{
    ""summoner"": ""starter-16-JaUx"",
    ""team_hash"": ""b07a4546da8dda565326e34fb2564b4a"",
    ""trx_id"": ""b78c04c6701898a5ef2d0b19565e980d291cdd2b"",
    ""app"": ""steemmonsters/0.7.0"",
    ""monsters"": [
        ""C3-251-0HHZIUU4DS"",
        ""C3-207-SCOIQEYQEO"",
        ""starter-169-iKoh"",
        ""starter-172-SK46"",
        ""starter-66-IJD8"",
        ""C3-91-TU5MX3FLZ4""
    ],
    ""secret"": ""JSytpMdpmy""
}"
1621577022.9728408,1621577022.0,sm_find_match,custom_json,149f55cb89825dc608f4a85394534e7df0bf0adc,22,54075845,[],['monserratt3'],"{
    ""match_type"": ""Ranked"",
    ""app"": ""splinterlands/0.7.107""
}"
1621577022.9730873,1621577022.0,sm_sell_cards,custom_json,a15db05f606586cdb62e713cfbabad3ca7896f85,28,54075845,['pionerbank'],[],"[
    {
        ""cards"": [
            ""C5-277-FUI59C0HRK""
        ],
        ""currency"": ""USD"",
        ""price"": 7,
        ""fee_pct"": 500
    }
]"
1621577072.4522614,1621577070.0,ssc-mainnet-hive,custom_json,5c57b6f97c55e375b6b3a9de70e1103227d31d46,0,54075861,['creativecoin'],[],"[
    {
        ""contractName"": ""tokens"",
        ""contractAction"": ""issue"",
        ""contractPayload"": {
            ""symbol"": ""CCC"",
            ""to"": ""creativecoin"",
            ""quantity"": ""0.64881""
        }
    },
    {
        ""contractName"": ""tokens"",
        ""contractAction"": ""stake"",
        ""contractPayload"": {
            ""symbol"": ""CCC"",
            ""to"": ""barbibsq27"",
            ""quantity"": ""0.32440""
        }
    },
    {
        ""contractName"": ""tokens"",
        ""contractAction"": ""transfer"",
        ""contractPayload"": {
            ""symbol"": ""CCC"",
            ""to"": ""barbibsq27"",
            ""quantity"": ""0.32440"",
            ""memo"": ""Here are your claimed tokens! (0.324405 more CCC were added to CCC POWER)""
        }
    }
]"
